inflation,total-supply,bonded,participation-rate,issuance-rate,date,btc_price_usd,eth_price_usd,lpt_price_usd,btc_volume,eth_volume,lpt_volume,fear-greed-index
387000,30260413831987256828836706,12567535604355922512661056,0.4153127473448895,0.141255,2024-01-01,44167.33203125,2352.327880859375,8.278921127319336,18426978443,6906765990,30206719,65.0
387500,30271872178542880954510367,12569514693879571699473418,0.4152209225694675,0.1414375,2024-01-02,44957.96875,2355.83642578125,8.508424758911133,39335274536,12910543630,44647510,71.0
388500,30294970264150980574224800,12586003764524060908494305,0.41544862578780895,0.1418025,2024-01-03,42848.17578125,2210.761962890625,7.116954803466797,46342323118,19332933581,59154028,70.0
389000,30306614246638292772927654,12603390991796358096866368,0.41586271858772106,0.141985,2024-01-04,44179.921875,2269.0380859375,7.38992977142334,30448091210,11044564896,44496287,68.0
389500,30318147816884488859432816,12617978678136175242735481,0.4161856705213731,0.1421675,2024-01-05,44162.69140625,2268.647216796875,7.085962772369385,32336029347,10860953290,44994289,72.0
390000,30329709853938750980908375,12631596213021822801114144,0.4164759990732792,0.14235,2024-01-06,43989.1953125,2241.624755859375,6.955289840698242,16092503468,5970741680,43806787,70.0
390500,30341260926267598240188940,12642052135477761450818243,0.41666205521910427,0.1425325,2024-01-07,43943.09765625,2222.865966796875,6.417584896087647,19330573863,6490053615,29184885,71.0
391000,30352879157401741283888918,12660769769824729413418824,0.41711923617425006,0.142715,2024-01-08,46970.50390625,2333.03271484375,6.959828853607178,42746192015,13830287095,36534943,71.0
391500,30364498206652274258915247,12677466834740639047075258,0.4175095122093357,0.14289749999999998,2024-01-09,46139.73046875,2344.8271484375,6.601532936096191,39821290992,14891130716,26590236,76.0
392000,30376157640353138651007735,13067297849368913110901159,0.4301827111935214,0.14307999999999998,2024-01-10,46627.77734375,2582.103515625,7.390921115875244,50114613298,29042100476,25149930,73.0
392500,30387823612296153130954901,13077300915352516054363398,0.4303467428993798,0.1432625,2024-01-11,46368.5859375,2619.619140625,7.630208969116211,45833734549,22575246883,29332671,76.0
393500,30411109894001373356747760,13183561779246540727072984,0.43351136558968584,0.14362750000000002,2024-01-12,42853.16796875,2524.460205078125,7.807171821594238,43332698900,23623839263,89904796,71.0
394000,30422943166685006423018108,13188748001925025430590178,0.43351321828610967,0.14381,2024-01-13,42842.3828125,2576.597900390625,7.880612850189209,20601860469,12250316867,37710498,64.0
394500,30434712679480981349049248,13203114692571392727664675,0.4338176223846169,0.1439925,2024-01-14,41796.26953125,2472.2412109375,7.788124084472656,17521429522,9405587417,26210217,60.0
395000,30446490672299129983103747,13214954653950062500666269,0.43403868104816795,0.144175,2024-01-15,42511.96875,2511.36376953125,7.910149097442627,22320220558,9700630000,20548250,52.0
395500,30458272402588158086603228,13231612348156061626860631,0.4344176903162676,0.1443575,2024-01-16,43154.9453125,2587.691162109375,7.87743616104126,24062872740,11063317095,21752575,64.0
396000,30470540679097522019821314,13233354794065684567941152,0.4342999664309741,0.14454,2024-01-17,42742.65234375,2528.369384765625,7.783495903015137,20851232595,10441017520,21091669,60.0
396500,30482615350373547948139116,13233330449662705599934008,0.4341271343536649,0.1447225,2024-01-18,41262.05859375,2467.018798828125,7.219217777252197,25218357242,11900028080,19558726,63.0
397000,30494685364331108932408082,13245001051872029416986244,0.43433801312029224,0.144905,2024-01-19,41618.40625,2489.49853515625,7.165319919586182,25752407154,11405278376,18188832,51.0
398000,30518501278594282225412370,13258235162738882896382409,0.434432708267959,0.14527,2024-01-20,41665.5859375,2469.589111328125,7.620134830474853,11586690904,5297826161,20420267,52.0
398500,30531037607017445006783788,13297112093556005582201893,0.43552768381837487,0.14545249999999998,2024-01-21,41545.78515625,2453.9130859375,7.53200101852417,9344043642,4578471955,17762077,56.0
399000,30543227907574025082661723,13290224273725345192791795,0.4351283470739408,0.145635,2024-01-22,39507.3671875,2310.826416015625,7.010454177856445,31338708143,13923771728,18961258,55.0
399500,30555407059403678119525811,13241859011646700943927209,0.4333720374237793,0.1458175,2024-01-23,39845.55078125,2240.68603515625,6.730276107788086,29244553045,16182147521,18970833,50.0
400000,30567578623536918049486154,13317683783953918543216528,0.43568003694278074,0.14600000000000002,2024-01-24,40077.07421875,2233.561767578125,6.780245780944824,22359526178,10134722960,15064712,48.0
400500,30579814949524602030286890,13373327374141385443046671,0.43732532051667267,0.1461825,2024-01-25,39933.80859375,2217.710205078125,6.697068214416504,18491782013,9302247037,15206876,52.0
401000,30592032504392227618611377,13377233669506361474332556,0.4372783556498162,0.146365,2024-01-26,41816.87109375,2267.19970703125,7.118964195251465,25598119893,9975117607,17034412,49.0
401500,30604265137542145096207251,13396625865604309874797234,0.43773721752170797,0.1465475,2024-01-27,42120.0546875,2267.885986328125,7.213414192199707,11422941934,5144367230,13407025,55.0
402500,30627656205212966186496040,13418870450739346086172194,0.43812919803035383,0.1469125,2024-01-28,42035.59375,2257.208740234375,7.121328830718994,16858971687,7296214994,13851631,54.0
403000,30640998135452750206621104,13431920082861096887089926,0.43836431252935837,0.147095,2024-01-29,43288.24609375,2317.064208984375,7.334469795227051,20668476578,8948195551,14032843,55.0
403500,30653414907140577445212445,13442195788564232942555606,0.43852196661563253,0.1472775,2024-01-30,42952.609375,2344.49365234375,7.165688991546631,23842814518,10173440062,14384071,61.0
404000,30665768897745771316446249,13452382617531021960401691,0.4386774928875141,0.14746,2024-01-31,42582.60546875,2282.54443359375,7.008707046508789,24673628793,10807883277,15125896,60.0
404500,30678125996804583067459204,12475217611369608520102296,0.4066486203449657,0.1476425,2024-02-01,43075.7734375,2303.82470703125,7.0565338134765625,21423953779,8895583113,14450565,63.0
405000,30690495281630759080501658,13450226161726602163373826,0.43825379937015846,0.14782499999999998,2024-02-02,43185.859375,2308.0380859375,7.240250110626221,18603843039,7186143091,13563269,63.0
405500,30702856066573716926151211,13458413169237413457457242,0.4383440139918978,0.1480075,2024-02-03,42992.25,2296.038330078125,7.252941131591797,11169245236,4647754021,23744920,60.0
406000,30715235070625687993056014,13477693823693338720634016,0.43879507328213946,0.14819,2024-02-04,42583.58203125,2289.546142578125,7.057526111602783,14802225490,5438100035,13170990,60.0
406500,30727634397282142240788866,13490229869189087056608901,0.43902598211017174,0.14837250000000002,2024-02-05,42658.66796875,2298.888916015625,6.986988067626953,18715487317,7277068110,13085934,60.0
407500,30752467761209758608939407,13520323732771056399453246,0.43965004167324706,0.1487375,2024-02-06,43084.671875,2372.201904296875,6.991363048553467,16798476726,9520885493,11983184,64.0
408000,30765003630600815318445553,13547314799550241844049544,0.44034822690790215,0.14892,2024-02-07,44318.22265625,2423.7451171875,7.312256813049316,21126587775,9660628536,12749690,62.0
408500,30777555776691004041916486,13595897770565414186958084,0.44174715722104535,0.1491025,2024-02-08,45301.56640625,2419.906494140625,7.292660236358643,26154524080,9941841732,13090761,66.0
409000,30790132629459301891560850,13608059320138158361551858,0.4419616987007804,0.149285,2024-02-09,47147.19921875,2487.515625,7.499331951141357,39316770844,13634203177,13897386,72.0
409500,30802721664922339968721085,13630804655204573672160998,0.4425194891374525,0.1494675,2024-02-10,47771.27734375,2501.228271484375,7.489329814910889,16398681570,6474444159,13078631,74.0
410000,30815324344295770009989597,13640397360946967866358372,0.44264980658793374,0.14965,2024-02-11,48293.91796875,2507.570556640625,7.404383182525635,19315867136,7347245813,15025821,71.0
410500,30827947582981253789427488,13652518527981752976526783,0.44286174067321643,0.1498325,2024-02-12,49958.22265625,2658.115966796875,7.7044358253479,34511985805,13022696866,16926023,70.0
411000,30840591398827437382431208,13665104957424942638597888,0.4430882916838129,0.150015,2024-02-13,49742.44140625,2642.185302734375,7.650073051452637,35593051468,18271237044,18448662,79.0
412000,30865448650052296464095847,13677742224017351218585760,0.4431408847832891,0.15037999999999999,2024-02-14,51826.6953125,2777.90234375,7.966057777404785,39105608050,21448973822,21718151,74.0
412500,30878300688622820373283313,13585857469620731308164027,0.4399807362011495,0.1505625,2024-02-15,51938.5546875,2824.37890625,8.116765975952148,38564360533,23734481937,17886960,72.0
413000,30890803776784007110429151,13598220171283868660706477,0.44020286003382064,0.150745,2024-02-16,52160.203125,2803.69140625,14.440374374389648,28180567298,17057114638,599091433,72.0
413500,30903321171433547743567310,13577303395918193991119230,0.4393477102541587,0.15092750000000002,2024-02-17,51662.99609375,2786.672607421875,18.08069229125977,20009091006,17932379943,642834066,76.0
414000,30915813922557459841540327,13503704886438873271444616,0.43678956408086056,0.15111,2024-02-18,52122.546875,2878.998046875,17.819961547851562,17595377311,23355830478,389564782,72.0
414500,30928483961278848834329583,13372542554062468089038878,0.4323698041845286,0.1512925,2024-02-19,51779.14453125,2943.57470703125,17.177152633666992,21362184346,15163110589,192553313,75.0
415000,30941281726179355348805321,13377171625839927726850621,0.4323405780091369,0.151475,2024-02-20,52284.875,3013.503662109375,14.582183837890623,33353758256,20341598470,125067875,72.0
415500,30954134704200037437689661,13325668379796197026295513,0.4304972019776115,0.1516575,2024-02-21,51839.1796875,2970.35546875,15.504935264587402,28624907020,18897136867,155002668,78.0
416000,30966742682525077215768365,13334663483596078612822015,0.43061240312888954,0.15184,2024-02-22,51304.97265625,2971.00732421875,14.87202262878418,25413900611,18058908246,145469648,74.0
417000,30992353682792675815016604,13509244593389933444861256,0.4358895981782251,0.152205,2024-02-23,50731.94921875,2921.658203125,13.741085052490234,21427078270,12822717059,64426113,76.0
417500,31005162852860507769115959,13524640277379981931186960,0.4362060712779714,0.1523875,2024-02-24,51571.1015625,2992.385986328125,14.084538459777832,15174077879,10701688842,44296133,72.0
418000,31018125437121709194185484,13537223259552597187636922,0.43642944468048317,0.15257,2024-02-25,51733.23828125,3112.697265625,14.556207656860352,15413239245,14620450464,101052115,74.0
418500,31031025552007920913541016,13548740534227057479684799,0.4366191672111965,0.15275249999999999,2024-02-26,54522.40234375,3178.99365234375,14.41103172302246,34074411896,17504464351,67013977,72.0
419000,31043826099868784129316029,13558116570827155671095980,0.43674115836141936,0.152935,2024-02-27,57085.37109375,3244.519287109375,14.289212226867676,49756832031,21090315368,65820666,79.0
419500,31056579932441561903266227,13562180269425528569551353,0.43669265253700834,0.1531175,2024-02-28,62504.7890625,3385.703857421875,13.88454818725586,83239156760,32885894265,107055171,82.0
420000,31069846483182215876479841,13573910621372607918137723,0.43688373641369693,0.15330000000000002,2024-02-29,61198.3828125,3341.919677734375,13.446535110473633,65496611844,28469171094,62091876,80.0
420500,31082884914197812585806103,13584165724932207862620117,0.43703040314405733,0.1534825,2024-03-01,62440.6328125,3435.053955078125,14.487760543823242,40186368423,16880101987,75635395,80.0
421500,31108721931027426254249325,13621562099217729056304639,0.4378695508423239,0.1538475,2024-03-02,62029.84765625,3422.0498046875,14.595369338989258,23888473685,12024340617,43859557,80.0
422000,31121910743966180941895531,13633183240838495023654214,0.43805739798549015,0.15403,2024-03-03,63167.37109375,3490.99365234375,14.262091636657717,26253811450,13643324467,59385013,83.0
422500,31134896296704774639528682,13640999756619662947453739,0.43812574889043027,0.1542125,2024-03-04,68330.4140625,3630.433837890625,14.202622413635254,70670471105,26772963830,47085379,82.0
423000,31148133101439502364765662,13652375995006938331405907,0.4383047918328048,0.154395,2024-03-05,63801.19921875,3554.964599609375,13.148307800292969,102802940877,47706899137,89407168,90.0
423500,31161306724002525356849898,13665933673290013138891726,0.4385545764922495,0.1545775,2024-03-06,66106.8046875,3819.226318359375,14.760079383850098,68750229073,34938642613,71269734,75.0
424000,31174486361711388562280462,13579520727025989744319534,0.43559725634178864,0.15476,2024-03-07,66925.484375,3874.34765625,16.182697296142578,46989543159,22457177587,89407584,82.0
424500,31187719801659166696935029,13590356840238187516792433,0.43575987365114105,0.1549425,2024-03-08,68300.09375,3892.06103515625,23.40081024169922,59202881172,26135487051,320278935,81.0
425000,31200961050904428821584246,12783561099618723719631678,0.4097169019493444,0.15512499999999999,2024-03-09,68498.8828125,3915.4189453125,23.288280487060547,21609650379,11926623780,303583091,84.0
425500,31214220973409166240123994,12767164906590769013649867,0.4090175730307954,0.1553075,2024-03-10,69019.7890625,3881.193115234375,22.009033203125,35683977532,15783924355,80049389,79.0
426500,31240632005930257112064049,12775549129292305139420962,0.40894016250590526,0.1556725,2024-03-11,72123.90625,4066.445068359375,20.893455505371094,65716656765,28806262507,75206501,82.0
427000,31254101498205514758790400,12793917479117989556840091,0.409351632772184,0.15585500000000002,2024-03-12,71481.2890625,3980.273193359375,20.261085510253903,62554434520,26917010932,64130835,81.0
427500,31267409928168169176606645,12803330469452954792643447,0.4094784473311522,0.1560375,2024-03-13,73083.5,4006.45703125,20.357755661010746,48212536929,22028114691,37540768,81.0
428000,31280830132921304308824241,12890272267211988422388550,0.41208216701530903,0.15622,2024-03-14,71396.59375,3883.140380859375,27.244558334350582,59594605698,25434810823,261030745,88.0
428500,31294231456117006967234163,12889228579761191917088937,0.41187234771479797,0.1564025,2024-03-15,69403.7734375,3735.22021484375,23.64119911193848,78320453976,33505075433,172523649,83.0
429000,31307640507603489272639875,12865085715199684674204499,0.41092479364822215,0.156585,2024-03-16,65315.1171875,3522.860107421875,20.1698055267334,46842198371,20199855932,77928002,81.0
429500,31321074557996302744139510,12878246187910925201621166,0.4111687216881611,0.1567675,2024-03-17,68390.625,3642.4130859375,22.02703285217285,44716864318,19938757095,96782737,79.0
430000,31334530030661712476432445,12890971411977919409718802,0.41139826891814696,0.15695,2024-03-18,67548.59375,3517.985107421875,19.294828414916992,49261579492,21162220224,60883131,77.0
431000,31361463784559285134885156,12884777947241590605948394,0.41084746667932537,0.157315,2024-03-19,61912.7734375,3157.6181640625,17.440134048461914,74215844794,34166976701,57111622,79.0
431500,31374985218192924776598012,12896769942149125103003405,0.4110526220956074,0.1574975,2024-03-20,67913.671875,3513.39306640625,18.997453689575195,66792634382,36605316331,46568370,74.0
432000,31388497632329405605627462,12908352360253256701943425,0.41124467030744283,0.15768,2024-03-21,65491.390625,3492.9912109375,18.873390197753903,44480350565,22213647922,37858225,78.0
432500,31402038500836902553721136,12910440711902346603361842,0.4111338412491363,0.1578625,2024-03-22,63778.76171875,3333.68798828125,18.23895263671875,41401116964,20574952329,43154836,75.0
433000,31415629472798319500385776,12922452202112610366455412,0.4113383185048609,0.158045,2024-03-23,64062.203125,3336.593994140625,18.814308166503903,24738964812,13242137554,33622068,73.0
433500,31429216509172812256862221,12933826911258895776489165,0.4115224096497626,0.15822750000000002,2024-03-24,67234.171875,3454.636474609375,20.412986755371094,27206630673,12156660941,45151842,74.0
434000,31442840667414249562539143,12945688751664779351285416,0.4117213482266896,0.15841,2024-03-25,69958.8125,3590.8837890625,20.303197860717773,42700139523,18603921705,35412816,75.0
434500,31456474301486414953824080,12955569159893839646353346,0.4118570007472722,0.1585925,2024-03-26,69987.8359375,3587.5048828125,20.54138946533203,36010437368,18505553577,41837391,81.0
435000,31470145151980415573281643,12968396101161960410780900,0.4120856779825135,0.158775,2024-03-27,69455.34375,3500.115234375,19.72826385498047,40827113309,18753082145,44560205,83.0
436000,31497365745152501727789613,12987797387179270182622925,0.4123455114394166,0.15914,2024-03-28,70744.953125,3561.2939453125,19.32562828063965,34374900617,16419674157,34592642,80.0
436500,31511212992383427006944473,12999621823817298948074426,0.4125395562195412,0.1593225,2024-03-29,69892.828125,3511.80615234375,18.82303810119629,25230851763,12712701619,25621434,79.0
437000,31524729632640945490425845,13010482578799482788225138,0.41270718989222765,0.159505,2024-03-30,69645.3046875,3507.9443359375,18.55255508422852,17130241883,9389066783,22775709,75.0
437500,31538352779636115393434753,13022135377623568599955281,0.4128983992477814,0.1596875,2024-03-31,71333.6484375,3647.8564453125,18.7132625579834,20050941373,10499881424,17021211,75.0
438000,31552296661588712919171450,13032943067560309951249884,0.4130584599702505,0.15987,2024-04-01,69702.1484375,3505.030029296875,18.01640510559082,34873527352,16002098681,30782851,79.0
438500,31566041232429225903084879,13041723917770632528262224,0.41315677888592117,0.1600525,2024-04-02,65446.97265625,3277.234619140625,16.54082679748535,50705240709,22076539151,38582767,79.0
439000,31579806321844480651570458,13020339065531189379802326,0.41229952244908863,0.160235,2024-04-03,65980.8125,3311.44189453125,16.365509033203125,34488018367,16010734587,23457394,71.0
439500,31593593171820838332521543,13030669082754933536191839,0.4124465682611034,0.1604175,2024-04-04,68508.84375,3330.04052734375,16.759138107299805,34439527442,14476330517,21697794,70.0
440000,31607507290893426848018852,13040397270218698205287018,0.4125727837441905,0.1606,2024-04-05,67837.640625,3318.88525390625,16.271854400634766,33748230056,15214447092,24585135,79.0
441000,31635282794211033749958874,13048200472158087243293961,0.41245720978811,0.160965,2024-04-06,68896.109375,3354.183837890625,17.13249397277832,19967785809,8956926798,22667781,75.0
441500,31649232798955269669795440,13058616191333760338363846,0.41260451001405696,0.1611475,2024-04-07,69362.5546875,3453.49462890625,17.081575393676758,21204930369,9931108526,17846991,78.0
442000,31663211618505051932451759,13069662581504180031359224,0.41277122292502466,0.16133,2024-04-08,71631.359375,3695.292724609375,17.728004455566406,37261432669,19055143129,20427371,76.0
442500,31677209685690963360334509,13083599134782197731693985,0.41302877572238444,0.1615125,2024-04-09,69139.015625,3505.163330078125,16.157482147216797,36426900409,18279773833,21491957,80.0
443000,31691229760640130139547897,13090107605249890949849168,0.41305142476697265,0.161695,2024-04-10,70587.8828125,3543.737060546875,15.643259048461914,38318601774,16872482726,24717531,78.0
443500,31705264647991251879837983,13107883200972440322735409,0.41342923159617645,0.1618775,2024-04-11,70060.609375,3505.247802734375,15.420805931091309,30153382941,14076734489,21385546,76.0
444000,31719272422229938349413858,13117655384465942033538548,0.4135547376324006,0.16206,2024-04-12,67195.8671875,3243.034912109375,12.294733047485352,44129299406,22104869556,40290542,79.0
444500,31733331773639186993187672,13071789362496586573121145,0.4119261556189727,0.1622425,2024-04-13,63821.47265625,3004.900390625,10.98737621307373,52869738185,29930408174,47991652,72.0
445500,31758290450463043621655826,13153584731937144030145989,0.41417798456293675,0.1626075,2024-04-14,65738.7265625,3156.94189453125,12.105755805969238,49084320047,25486284994,37151189,72.0
446000,31775060419746964395923670,13170635104728759895206390,0.4144959893307936,0.16279,2024-04-15,63426.2109375,3101.600341796875,11.95076847076416,43595917654,21925843181,35384015,74.0
446500,31789675255915044965573908,13182263559816853229250422,0.41467122434237685,0.1629725,2024-04-16,63811.86328125,3084.920166015625,12.0283203125,42847528078,19441391169,31670388,65.0
447000,31803392649613991192731670,13197510038977549633611015,0.41497176682933956,0.16315500000000002,2024-04-17,61276.69140625,2984.7275390625,11.655810356140137,41915247049,17711869375,26627807,67.0
447500,31817769155275427278653472,13210392333905085149189837,0.41518914382200756,0.1633375,2024-04-18,63512.75390625,3066.027587890625,13.355749130249023,36006307335,15183777035,59855140,57.0
448000,31832016288188729513012630,13225336662473478374074995,0.4154727913789344,0.16352,2024-04-19,63843.5703125,3059.278564453125,13.048014640808104,49920425401,20399982867,43079303,66.0
448500,31846279971838086074617026,13237624856949612023443455,0.4156725642258922,0.1637025,2024-04-20,64994.44140625,3157.627197265625,16.01982879638672,23097485495,9918642130,43672254,66.0
449000,31860539869431115434683194,13251070054604724453986228,0.41590852223187164,0.163885,2024-04-21,64926.64453125,3147.28857421875,15.262463569641112,20506644853,9394387894,42982064,72.0
450000,31887533086000997470157227,13266896025746679404021388,0.4160527561026978,0.16425,2024-04-22,66837.6796875,3201.652099609375,15.647601127624512,28282686673,12063858733,29962019,73.0
450500,31902868237164919466986775,13282711422218316045477240,0.41634850269496326,0.1644325,2024-04-23,66407.2734375,3219.91162109375,15.237605094909668,24310975583,11054442653,32364092,71.0
451000,31917580436131071396243241,13293056615166624457810778,0.4164807116807241,0.164615,2024-04-24,64276.8984375,3139.80517578125,14.167258262634276,30276655120,14000234760,25780170,72.0
451500,31932002436973293551405396,13304774815285832074414011,0.4166595828603769,0.1647975,2024-04-25,64481.70703125,3156.509521484375,14.901555061340332,32155786816,13989030260,28765421,72.0
452000,31946591532684495058181680,13316619282899463883142400,0.4168400647460389,0.16498,2024-04-26,63755.3203125,3130.164794921875,13.99522590637207,24139372950,10622333862,20345825,70.0
452500,31961122228126867796059937,13329390106259061974841437,0.41705012768696675,0.1651625,2024-04-27,63419.140625,3252.168212890625,13.979701042175291,19530783039,11820785577,19828314,67.0
453000,31975556913741527400589099,13343509164491634585260099,0.41730341712225966,0.165345,2024-04-28,63113.23046875,3262.774658203125,13.47480010986328,17334827993,11379192678,17047514,65.0
453500,31990044765841088934121253,13355709139614303179345681,0.417495794000123,0.1655275,2024-04-29,63841.12109375,3215.428955078125,13.381946563720703,26635912073,15032246816,19654682,67.0
454000,32004337481758079270172677,13370163221712388580572576,0.41776097472204043,0.16571,2024-04-30,60636.85546875,3012.286865234375,12.381265640258787,37840840057,18266894653,24941601,67.0
455000,32033198930673547177507448,13391346041583335417424024,0.41804585519432425,0.166075,2024-05-01,58254.01171875,2969.78466796875,12.403321266174316,48439780271,20005057445,25182771,54.0
455500,32047950367127515566611557,13396071780096599541569859,0.41800089012361075,0.1662575,2024-05-02,59123.43359375,2988.16845703125,12.66184139251709,32711813559,13163903903,18346350,43.0
456000,32062480646527228165730375,13397491202580351042791919,0.4178557283287271,0.16644,2024-05-03,62889.8359375,3103.5419921875,13.563995361328123,33172023048,12862183229,25586441,48.0
456500,32076976714834682766072102,13394734445118271233695758,0.4175809511038985,0.1666225,2024-05-04,63891.47265625,3117.576416015625,13.6732177734375,20620477992,8283229638,18774131,67.0
457000,32091491794642830665796768,13393187281693538045948215,0.41734386694760384,0.166805,2024-05-05,64031.1328125,3137.2490234375,15.080161094665527,18296164805,8783447639,73420635,69.0
457500,32106029471820302022418155,13406303839810167021180925,0.41756343155347125,0.1669875,2024-05-06,63161.94921875,3062.728759765625,15.27613353729248,28697928697,13008587255,55900902,71.0
458000,32120589765071581420702662,13418854835545991982989935,0.41776489577840376,0.16717,2024-05-07,62334.81640625,3006.5771484375,15.68764591217041,25930730982,11743187337,47387013,68.0
458500,32135217462118578312177808,13439622689849699798393390,0.4182209971254281,0.1673525,2024-05-08,61187.94140625,2973.6572265625,13.997907638549805,26088172222,11791662158,35271045,64.0
459500,32164312589043564809283088,13466190699256894407455506,0.41866869257588335,0.1677175,2024-05-09,63049.9609375,3036.0205078125,17.146892547607422,25453338161,10861947179,70724470,55.0
460000,32179195149186994618461301,13477724436257703064501759,0.418833484609332,0.1679,2024-05-10,60792.77734375,2909.791259765625,16.8857479095459,27804954694,12278653601,112497367,66.0
460500,32193894717940661978679638,13501978654761757918138096,0.41939562681235715,0.1680825,2024-05-11,60793.7109375,2911.60205078125,17.7994384765625,13842272968,6795916454,61860042,53.0
461000,32208615017269271593161426,13513883616928216918779128,0.4195735709120832,0.168265,2024-05-12,61448.39453125,2928.701904296875,17.95682716369629,13800459405,5908941395,41683053,56.0
461500,32223347946695214239715170,13526203365084615254453384,0.41976406012994205,0.1684475,2024-05-13,62901.44921875,2949.359619140625,17.84130096435547,27889181179,13352264795,55039543,57.0
462000,32238166670070826604385787,13537340106627979050095232,0.4199165617936871,0.16863,2024-05-14,61552.7890625,2881.157958984375,17.29477310180664,28186271527,12444516140,76695432,66.0
462500,32252976767132864025637642,13543710949728438764700068,0.4199212695161226,0.1688125,2024-05-15,66267.4921875,3037.056640625,20.319351196289062,39815167074,14666902956,136087031,64.0
463000,32267802544223196977155587,13556537784070637854457487,0.42012584419070154,0.16899499999999998,2024-05-16,65231.58203125,2945.131103515625,19.558616638183597,31573077994,13035465176,66918347,70.0
464000,32297259390607463023378738,13548823941812391659945944,0.41950382780009493,0.16936,2024-05-17,67051.875,3094.11865234375,19.465354919433597,28031279310,14449438097,60060339,74.0
464500,32312357842365476431757932,13567050450583882766163663,0.41987188049755414,0.1695425,2024-05-18,66940.8046875,3122.948974609375,18.93010711669922,16712277406,9407051320,39270477,73.0
465000,32327268111725746936458903,13580294721648612797253259,0.4200879169472031,0.16972500000000001,2024-05-19,66278.3671875,3071.843017578125,18.84443664550781,19249094538,8747800800,55736477,72.0
465500,32342149899469370377867821,13598794688011683036662925,0.4204666273046615,0.1699075,2024-05-20,71448.1953125,3663.85546875,20.83403778076172,43850655717,31228143948,87536093,70.0
466000,32357123827481352039739858,13599415319570185934643212,0.4202912283575716,0.17009,2024-05-21,70136.53125,3789.312744140625,20.65676689147949,46932005990,37643853967,82913260,76.0
466500,32371989256099341962252131,13614116551664548731551146,0.42055236222776937,0.1702725,2024-05-22,69122.3359375,3737.2177734375,23.543092727661133,32802561717,25155809461,166284125,76.0
467000,32386884896787855437411240,13627237522266243999114833,0.42076407057036225,0.170455,2024-05-23,67929.5625,3776.92724609375,22.85398292541504,41895680979,45623656317,97843700,76.0
467500,32401861039957113890716243,13604225537338668749913014,0.41985938772351067,0.1706375,2024-05-24,68526.1015625,3726.9345703125,22.45968246459961,29197308153,22257061429,55886261,74.0
468500,32431460594759494614766650,13550659212754283548355210,0.41782451250264985,0.1710025,2024-05-25,69265.9453125,3749.236572265625,22.45779228210449,15473071741,10000027764,52835820,76.0
469000,32446928090426279334510188,13560112002778193716032080,0.41791666579306197,0.171185,2024-05-26,68518.09375,3825.8974609375,22.81039810180664,15628433737,14650794791,54391868,75.0
469500,32462091897626570403200682,13572948316812236036045562,0.4181168718151712,0.17136749999999998,2024-05-27,69394.5546875,3892.0068359375,21.259241104125977,25870990717,18949181813,73780180,74.0
470000,32477334699652534627675692,13594425806213306220918322,0.4185819412809989,0.17155,2024-05-28,68296.21875,3840.25634765625,21.76633644104004,32722265965,19846044324,72219047,72.0
470500,32492606215646960967982911,13614427496266032303600571,0.419000784544945,0.1717325,2024-05-29,67578.09375,3763.196533203125,20.991697311401367,26707072906,17411416736,57944118,72.0
471000,32507896700398079705216691,13606039900101037205118001,0.41854568523759406,0.171915,2024-05-30,68364.9921875,3746.849609375,21.2584171295166,29509712534,15065849797,50131222,73.0
471500,32523210654324410316852709,13640359084461577083617233,0.41940382914341523,0.17209750000000001,2024-05-31,67491.4140625,3760.026611328125,22.780323028564453,27387283769,15290700646,62554662,73.0
472000,32538548082736942830587257,13653572623956976557480277,0.41961222698811096,0.17228,2024-06-01,67706.9375,3813.198974609375,23.03887367248535,11641495604,8661024535,34159021,72.0
472500,32553876385093211329292489,13576087616717011809354935,0.4170344402651125,0.1724625,2024-06-02,67751.6015625,3780.89599609375,21.48317146301269,17110588415,11126903059,42647982,73.0
473500,32584464922403346794634408,13666872942143815051820282,0.41942910447325465,0.1728275,2024-06-03,68804.78125,3766.38916015625,21.01534080505371,32401285324,14082454300,44355797,73.0
474000,32599972466524561207078449,13693567483049139042741762,0.42004843706878725,0.17301,2024-06-04,70567.765625,3812.515869140625,21.556316375732425,33149696545,13331489271,40644293,73.0
474500,32615245361513982713710864,13812862657768234048480200,0.4235093896937971,0.1731925,2024-06-05,71082.8203125,3864.260986328125,21.376628875732425,32810771409,15480034434,37538049,75.0
475000,32630850600229873822781094,13833158708468025113241840,0.4239288420011514,0.173375,2024-06-06,70757.1640625,3811.60595703125,23.98624610900879,25223152007,13606583873,131248110,78.0
475500,32646380010082051508602972,13831976155094209395002419,0.42369096208591994,0.1735575,2024-06-07,69342.5859375,3678.629150390625,23.32624244689941,36188381096,18220286186,78236618,77.0
476000,32661906181899860292804968,13845757843229364664273847,0.42391150614786294,0.17374,2024-06-08,69305.7734375,3680.949951171875,22.98259735107422,14262185861,9096091805,87233684,72.0
476500,32677448595692091958153590,13851545065068316857382572,0.4238869820116367,0.17392249999999998,2024-06-09,69647.9921875,3705.90380859375,22.18236541748047,13534028500,7910768788,63082475,75.0
477000,32693022207083737447528454,13860868438967285472281364,0.42397023900604675,0.174105,2024-06-10,69512.28125,3666.717529296875,22.8886661529541,20597699541,10377300126,115372447,72.0
478000,32724184502591322993499571,13889890995642372376445317,0.4244533884272189,0.17447000000000001,2024-06-11,67332.03125,3498.33056640625,20.12339210510254,37116136345,19184721538,67572118,74.0
478500,32739875086498289969263134,13903174504313944615589120,0.42465569790910784,0.1746525,2024-06-12,68241.1875,3559.61767578125,25.02259635925293,34497940694,17142905351,131609102,72.0
479000,32755536148310047304388271,13918992580932477361170830,0.4249355747959753,0.174835,2024-06-13,66756.3984375,3469.28125,23.75487327575684,28955204146,14472382154,80030946,70.0
479500,32771229778727555897520104,13850483968293025570539610,0.4226415688947885,0.1750175,2024-06-14,66011.09375,3480.27197265625,23.568086624145508,27403884779,15793876596,74556593,74.0
480000,32786935361450968464292501,13862463006970845582962430,0.42280447544571514,0.1752,2024-06-15,66191.0,3565.549560546875,21.948137283325195,14121265576,12733651076,46094265,74.0
480500,32802668251415412660051855,13881402229684343557194482,0.42317905736480355,0.1753825,2024-06-16,66639.046875,3620.5634765625,22.00644874572754,13281140541,9878388158,48502476,71.0
481000,32818432673706368202375042,13895634804971999990627135,0.42340945843233313,0.175565,2024-06-17,66490.296875,3511.37890625,20.336671829223636,30006354476,17838856988,46669785,71.0
481500,32834215389552820375500561,13907179479428405652626945,0.4235575394274044,0.1757475,2024-06-18,65140.74609375,3483.681396484375,18.27536392211914,39481285950,21022514455,61206603,74.0
482500,32865270074142940778560249,13935428456836585194398695,0.4240168550387302,0.1761125,2024-06-19,64960.296875,3559.347412109375,18.79390335083008,21103423504,15275373778,48154327,64.0
483000,32881185686769649415850576,13960820412367306258078370,0.4245838500277896,0.17629499999999998,2024-06-20,64828.65625,3511.0869140625,18.812410354614254,25641109124,16115123753,39376489,60.0
483500,32893682646325539371813123,13974643114555415064310440,0.4248427658529892,0.1764775,2024-06-21,64096.19921875,3516.07568359375,17.91095542907715,26188171739,15933353456,33209544,63.0
484000,32910030251369926201446175,13985744028043154579450551,0.4249690419977957,0.17666,2024-06-22,64252.578125,3494.8134765625,17.510366439819336,9858198793,7423703673,20242776,53.0
484500,32925956959242655500771167,14001680235299868835682132,0.42524748035818144,0.1768425,2024-06-23,63180.796875,3418.61181640625,16.64849853515625,11170471802,9418141333,21014210,55.0
485000,32941862130954859116964079,14014182864158871976115732,0.4254216962127956,0.17702500000000002,2024-06-24,60277.4140625,3350.25634765625,16.512971878051758,43152133651,23137744903,41079666,51.0
485500,32957832159067470495191160,14028129776616055428732052,0.425638728570216,0.1772075,2024-06-25,61804.640625,3395.029052734375,17.36594581604004,29201215431,13235546063,32123193,30.0
486000,32973754030139542471670836,14047951975212354450836196,0.4260343533336203,0.17739,2024-06-26,60811.27734375,3369.477294921875,16.531951904296875,22506003064,11694054195,25030181,46.0
487000,33004757216976058287717427,14076040984722036180391570,0.4264852152126118,0.177755,2024-06-27,61604.80078125,3444.800537109375,16.851795196533203,21231745045,11771834016,24634854,40.0
487500,33021643510383244840665208,14029656430990306598400045,0.4248624520029978,0.1779375,2024-06-28,60320.13671875,3373.635986328125,16.328840255737305,24952866877,12861158844,24133718,47.0
488000,33037805281003057940365958,14070116362037272679937641,0.425879268987873,0.17812,2024-06-29,60887.37890625,3372.9677734375,15.379158973693848,12652903396,6584792001,17143951,30.0
488500,33053862057702883143446011,14085029398025036459159496,0.42612356079409053,0.1783025,2024-06-30,62678.29296875,3432.88916015625,16.71404266357422,17333226409,8396416013,23032456,47.0
489000,33069944450088027014557973,14109374276138094416657959,0.42665249400201327,0.17848499999999998,2024-07-01,62851.98046875,3440.341552734375,16.434581756591797,25468379421,12281551839,24425910,53.0
489500,33086117160361328599117354,14123180154828348813335143,0.4268612145201662,0.1786675,2024-07-02,62029.015625,3416.354736328125,16.465978622436523,20151616992,9421757718,19411810,51.0
490000,33102309049083569704065475,14139095285786300598496449,0.4271332028476043,0.17884999999999998,2024-07-03,60173.921875,3292.916748046875,15.252015113830566,29756701685,16121324440,24568379,50.0
490500,33118520993413843193621544,14222458583637305049591320,0.4294412358107922,0.1790325,2024-07-04,56977.703125,3054.52197265625,12.808661460876465,41149609230,20252514386,30994980,44.0
491500,33149821698094492210641856,14250461987328375525976259,0.42988050183532406,0.1793975,2024-07-05,56662.375,2981.5986328125,12.195735931396484,55417544033,31131942647,41164016,29.0
492000,33166590121963666493197655,14285227914824617941402656,0.4307113834220967,0.17958000000000002,2024-07-06,58303.5390625,3069.3779296875,13.627642631530762,20610320577,11586293705,32894165,26.0
492500,33183516985606117234335074,14295660745104790501865691,0.4308060761403248,0.1797625,2024-07-07,55849.109375,2929.38720703125,12.928584098815918,20553359505,10857947538,30968705,29.0
493000,33199858171878556368012026,14310019554525498781282331,0.4310265266930142,0.179945,2024-07-08,56705.09765625,3018.73193359375,13.08825969696045,39766159899,22627377457,37992567,28.0
493500,33216202193888578203242890,14324778462633243727205203,0.43125876880858005,0.1801275,2024-07-09,58009.2265625,3064.032958984375,13.139241218566896,27849512607,15269945822,27348020,27.0
494000,33232558757736195326675445,14385875631977568522608647,0.4328849829725701,0.18031,2024-07-10,57742.49609375,3102.21875,13.411842346191406,26175260526,14578679176,19090681,28.0
494500,33248993459007726315493977,14391329564037118649211653,0.43283504451886673,0.18049250000000003,2024-07-11,57344.9140625,3100.330810546875,13.47700023651123,28707803842,15230095766,28511098,29.0
495000,33265435625016221156677825,14405981548554767265044882,0.43306156308745897,0.180675,2024-07-12,57899.46484375,3134.15869140625,13.623876571655272,25604805221,12751638331,25985837,25.0
496000,33297093669601897581278976,14486929785398396769515657,0.43508090913724495,0.18104,2024-07-13,59231.953125,3177.19873046875,13.58859157562256,17080061806,8565105946,19632961,25.0
496500,33314884574027399050861585,14501785423207425436150441,0.4352944819899858,0.18122249999999998,2024-07-14,60787.79296875,3244.0791015625,14.391490936279297,22223416061,10517709666,20750118,33.0
497000,33331422081501330634080226,14516690839558460641750363,0.43552569716535156,0.181405,2024-07-15,64870.15234375,3489.552734375,15.355499267578123,38094526099,18305490390,26409336,52.0
497500,33347993985146174649585968,14537205217856118670831857,0.435924428447818,0.1815875,2024-07-16,65097.1484375,3443.513427734375,15.34455680847168,41617346768,20446664416,32663378,65.0
498000,33364596794006428414888036,14561086684569712622243710,0.43642327747792375,0.18177,2024-07-17,64118.79296875,3388.75244140625,16.675952911376953,32525071311,16739123962,66494489,69.0
498500,33381215321372649396108586,14580778058973850433749421,0.43679590208443864,0.18195250000000002,2024-07-18,63974.06640625,3426.258544921875,16.24796485900879,27239305337,15035622003,33024734,61.0
499000,33397858813035319916704522,14591390765617438086238358,0.4368959952583056,0.182135,2024-07-19,66710.15625,3505.73486328125,16.69371223449707,37003855410,17705629736,28474324,60.0
499500,33414527301508393308222284,14605539892024969424173769,0.43710149661059694,0.18231750000000002,2024-07-20,67163.6484375,3519.29541015625,17.105573654174805,19029581250,10360198325,26826437,74.0
500000,33431217294994369829469298,14617073671712876038440831,0.4372282810623674,0.1825,2024-07-21,68154.5234375,3536.60546875,17.140396118164062,26652190004,13845913681,31531555,74.0
501000,33464654612147556560839934,14654555539250259067894776,0.43791145341541055,0.182865,2024-07-22,67585.25,3440.419921875,15.882842063903809,42649109453,18723199034,37143793,70.0
501500,33481427524097286782148349,14672140482055238584851025,0.4382172914071657,0.1830475,2024-07-23,65927.671875,3481.995849609375,15.231821060180664,35605668666,24468405650,23980728,71.0
502000,33498235163528566611579430,14675327419362889369157619,0.43809255465914076,0.18322999999999998,2024-07-24,65372.1328125,3336.33935546875,15.02242660522461,27470942309,16040945448,20068419,69.0
502500,33515039322609815399766926,14688539692237050928359240,0.43826711796002316,0.1834125,2024-07-25,65777.2265625,3174.42724609375,14.334261894226074,38315761670,25293745810,24050416,68.0
503000,33531881759348361391952604,14754072959029248213897796,0.4400013415565608,0.18359499999999998,2024-07-26,67912.0625,3275.951416015625,15.112045288085938,30488630457,15993893521,21373629,68.0
503500,33548733394692621725598295,14722281540361100715933241,0.4388327084410928,0.1837775,2024-07-27,67813.3359375,3247.60791015625,15.52894401550293,34691905492,15198233287,22396753,72.0
504000,33565601360557927118920135,14736689307908470529130830,0.4390414206975947,0.18396,2024-07-28,68255.8671875,3271.464599609375,14.88355541229248,18043166945,8959236446,16775719,71.0
504500,33582521396520463623248511,14753020874845634192874848,0.4393065279599351,0.1841425,2024-07-29,66819.9140625,3320.539306640625,14.501786231994627,40780682628,18334852719,21253019,74.0
505500,33616347245699553721691291,14793759541399642376784761,0.44007635431872116,0.1845075,2024-07-30,66201.015625,3278.667724609375,14.550607681274414,31380492109,14045773047,17075772,67.0
506000,33633432304493503184021001,14811442876267275036809423,0.44037857160027144,0.18469000000000002,2024-07-31,64619.25,3231.295654296875,14.041245460510254,31292785994,16135380637,19973382,61.0
506500,33650452480750745794374085,14767672645123678325812710,0.43885509871141587,0.1848725,2024-08-01,65357.5,3201.564453125,13.908831596374512,40975554494,20217639556,20502095,52.0
507000,33667492386858109091388022,14952547175324306409642402,0.44412417187212133,0.185055,2024-08-02,61415.06640625,2986.01318359375,12.632752418518066,43060875727,21400241741,18724741,57.0
507500,33684561495628177086209477,14961279556407474325904324,0.44415835896659234,0.1852375,2024-08-03,60680.09375,2903.3857421875,11.719395637512209,31753030589,17844091431,19472656,37.0
508000,33701661909690902519871824,14979903273407006948439476,0.44448559580082725,0.18542,2024-08-04,58116.9765625,2686.39892578125,10.856904029846191,31758917219,21139601426,20076858,34.0
508500,33718791502087138469217945,14994564577541519070193981,0.4446946023143617,0.18560249999999998,2024-08-05,53991.45703125,2417.206298828125,9.942973136901855,108991085584,67668132244,43426535,26.0
509000,33735831524168269899643185,15013605723657782999647011,0.44503440541852574,0.185785,2024-08-06,56034.31640625,2458.723876953125,10.515530586242676,49300484106,26041995921,23990799,17.0
510000,33769274366691858040116419,15032399135857030624078112,0.44515019696970914,0.18615,2024-08-07,55027.4609375,2336.58935546875,9.95600414276123,41637562185,24264218606,19049780,29.0
510500,33786829132718211759218834,15095436089310245028102857,0.4467846340363515,0.18633249999999998,2024-08-08,61710.13671875,2683.352783203125,11.349034309387209,45298472567,23468291180,19549496,20.0
511000,33804018725436771182602400,15100266632319333930750982,0.44670033923974606,0.186515,2024-08-09,60880.11328125,2599.5986328125,11.049749374389648,33425553115,17907141655,13147019,48.0
511500,33821787183828933680827212,15806228260216685427912572,0.46733864695872873,0.18669750000000002,2024-08-10,60945.8125,2610.02294921875,11.608391761779783,15745822278,9361014219,14026583,40.0
512000,33839032558111831395123462,15818506049314190907931565,0.46746330652772183,0.18688,2024-08-11,58719.484375,2553.252197265625,11.15053653717041,22759754812,13595441987,34414294,39.0
512500,33856270256186233721958402,15833727161479100470394977,0.46767488095018245,0.18706250000000002,2024-08-12,59354.515625,2724.431884765625,11.838339805603027,37078637820,21653090666,21809438,25.0
513000,33873683650058893457964637,15899563772116019341145041,0.4693780557311303,0.187245,2024-08-13,60609.56640625,2703.671875,11.667724609375,30327698167,16383053029,14606907,31.0
513500,33890925755006424269545731,15915190979553582760085358,0.4696003613062285,0.1874275,2024-08-14,58737.26953125,2662.914794921875,11.251143455505373,29961696180,15825365408,13592211,30.0
514500,33924319068639563078340934,15944812217613793939003297,0.47001126788580266,0.1877925,2024-08-15,57560.09765625,2570.087646484375,10.631546020507812,35682112440,16345801912,15732158,29.0
515000,33943065626637816978238032,15960052841859621419311624,0.47020068892464745,0.18797500000000003,2024-08-16,58894.10546875,2593.1865234375,10.5899019241333,29350938673,13275561555,13827452,27.0
515500,33960283411708898910774265,15975645297125059238751426,0.47042143622443805,0.1881575,2024-08-17,59478.97265625,2614.546875,10.648260116577148,13589684021,6676568717,9037006,25.0
516000,33977828165704543964534041,15991234431081267443220767,0.4706373330600921,0.18833999999999998,2024-08-18,58483.96484375,2613.357177734375,10.692693710327148,17740625837,9207267415,11938890,31.0
516500,33995478981664435562873888,16006446771808760297677536,0.4708404544157735,0.1885225,2024-08-19,59493.453125,2637.306396484375,11.003928184509276,25911207712,11968963282,13408145,28.0
517000,34012992769740075971365834,16020372292477158966644160,0.47100742945295326,0.18870499999999998,2024-08-20,59012.79296875,2573.10693359375,11.136025428771973,31613400008,13249483464,14453272,30.0
517500,34030532597230439217692035,16038503561987114219321085,0.471297459602275,0.18888749999999999,2024-08-21,61175.19140625,2631.3955078125,11.548836708068848,32731154072,12766015263,14109863,26.0
518000,34048147201790538955163772,16053502188637669560788594,0.4714941489618983,0.18907000000000002,2024-08-22,60381.9140625,2622.951416015625,12.73499584197998,27625734377,10723280428,37210859,39.0
519000,34082730005957025556254474,16083756330523736292958232,0.4719034046777531,0.18943500000000002,2024-08-23,64094.35546875,2764.447021484375,15.464853286743164,42530509233,16857181970,78924433,34.0
519500,34100568988667042949984479,16068558548870653787879080,0.4712108632032171,0.1896175,2024-08-24,64178.9921875,2769.3896484375,15.653860092163086,21430585163,11765811307,37693988,56.0
520000,34118711080900561508485766,16114112558490516023202878,0.4722954662701515,0.1898,2024-08-25,64333.54296875,2749.15771484375,15.22268295288086,18827683555,9375535539,23047075,54.0
520500,34136535275916550883125251,16129381925072561382732217,0.47249616268033795,0.1899825,2024-08-26,62880.66015625,2681.340576171875,14.226900100708008,27682040631,12282035835,16639941,55.0
521000,34154307155587633676516165,16143159281223805037167701,0.4726536892604712,0.190165,2024-08-27,59504.1328125,2458.7265625,13.388754844665527,39103882198,18028996056,23937130,48.0
521500,34172105319480734872567017,16103875261509480540446282,0.4712579196087468,0.1903475,2024-08-28,59027.625,2528.41552734375,12.70279312133789,40289564698,20359545410,21427082,30.0
522000,34189929846452870072019983,16121784598970583291499786,0.471536053784655,0.19053,2024-08-29,59388.1796875,2528.792724609375,12.526494026184082,32224990582,13946434277,15755571,29.0
522500,34207780761648684165954925,16132304143044475313540343,0.4715975074632979,0.19071249999999998,2024-08-30,59119.4765625,2525.822021484375,12.5773344039917,32292756405,15526218255,16153279,34.0
523500,34242093322926330832818904,16200859604049980383383127,0.4731270209231897,0.19107749999999998,2024-08-31,58969.8984375,2513.393798828125,12.22759246826172,12403470760,6646876013,11620832,29.0
524000,34260859288033627981464331,16217324961292551576083649,0.47334845938778936,0.19126,2024-09-01,57325.48828125,2427.90234375,11.605805397033691,24592449997,11800443265,15117638,26.0
524500,34278852021311004603530850,16244214564650694817119202,0.4738844391449206,0.19144250000000002,2024-09-02,59112.48046875,2538.187255859375,12.64837646484375,27036454524,12520444224,18097874,26.0
525000,34296823790383695437538124,16259332508700578907595952,0.47407691767829085,0.191625,2024-09-03,57431.0234375,2420.603759765625,11.70470142364502,26666961053,11406800197,13894645,26.0
525500,34314763770033571814294524,16275004365344488787619261,0.4742857760704487,0.19180750000000002,2024-09-04,57971.5390625,2448.97705078125,11.790181159973145,35627680312,16709600747,18931565,27.0
526000,34332793255564225668270859,16370926263506494255153569,0.47683059579934706,0.19199,2024-09-05,56160.48828125,2367.737548828125,11.30273723602295,31030280656,13632325040,15585332,29.0
526500,34350479627254766080983267,16389501725685618344429141,0.47712584812590697,0.19217249999999997,2024-09-06,53948.75390625,2223.87646484375,10.917119026184082,49361693566,25825618367,17464258,22.0
527000,34368560995403835994969930,16403675489435304558733426,0.47728723619324637,0.192355,2024-09-07,54139.6875,2274.107177734375,10.946526527404783,19061486526,11124608320,16015777,23.0
528000,34403420905720057171492652,16437503960370271478231143,0.4777869039656258,0.19272,2024-09-08,54841.56640625,2297.29296875,11.405811309814451,18268287531,10718443487,13405646,29.0
528500,34422384089742567034659884,16453479080295868000811805,0.4779877836874987,0.1929025,2024-09-09,57019.53515625,2358.482177734375,11.898097038269045,34618096173,15887712451,14903361,26.0
529000,34440965051301129624179971,16471471612850165094918782,0.4782523250528921,0.19308499999999998,2024-09-10,57648.7109375,2389.5810546875,11.883289337158203,28857630507,12795818970,14159072,33.0
529500,34459234080174490713194213,16479771611812091137592806,0.4782396374066084,0.1932675,2024-09-11,57343.171875,2339.841552734375,11.65556526184082,37049062672,15355180967,15087344,37.0
530000,34477376813654064464828951,16471029914444689343908764,0.4777344286796689,0.19344999999999998,2024-09-12,58127.01171875,2361.78173828125,12.493172645568848,33835707949,12162634681,22651194,31.0
530500,34495384165245329794733742,16490808310865715720380069,0.47805840433226654,0.1936325,2024-09-13,60571.30078125,2441.607177734375,12.84964370727539,32490528356,13759640866,21680698,32.0
531000,34513856323639233470028966,16505599267984197881387151,0.47823109400496583,0.19381500000000002,2024-09-14,60005.12109375,2418.595703125,12.496465682983398,16428405496,8170291680,11234743,50.0
531500,34532140405564163392643398,16480434135355250626750856,0.47724913491605514,0.1939975,2024-09-15,59182.8359375,2320.897216796875,12.02656078338623,18120960867,10155470375,11478882,51.0
532500,34567848018703826192913556,16511664789197383666866457,0.4776596095962734,0.1943625,2024-09-16,58192.5078125,2295.28369140625,11.512502670288086,32032822113,16819033263,12016415,39.0
533000,34586531778231025632387104,16509892179719349924065413,0.4773503248484364,0.19454500000000002,2024-09-17,60308.5390625,2341.707763671875,12.48604965209961,38075570118,15356783863,16781810,33.0
533500,34605515663166136435421293,16523021208588327745211076,0.47746785135108716,0.1947275,2024-09-18,61649.6796875,2369.72900390625,12.743691444396973,40990702891,18159056422,16770208,45.0
534000,34623919711406968361954490,16555211427288021330145599,0.47814376781360923,0.19491,2024-09-19,62940.45703125,2464.752197265625,13.434535026550291,42710252573,18437147349,22170282,49.0
534500,34642358110628066573240220,16570509226154447287774191,0.4783308680441911,0.1950925,2024-09-20,63192.9765625,2561.072021484375,13.650967597961426,35177164222,19112788620,16981577,54.0
535000,34660820021666988031326695,16585932146589180066391064,0.4785210544996071,0.195275,2024-09-21,63394.83984375,2615.857177734375,13.772817611694336,14408616220,10797825021,11365493,54.0
535500,34679309107221210716974396,16602649321447051842551728,0.478747983995734,0.19545749999999998,2024-09-22,63648.7109375,2582.862548828125,13.462268829345703,20183348802,13180663011,13282509,52.0
536000,34697764164849334971555555,16618362648291512116652354,0.4789462101747406,0.19564,2024-09-23,63329.80078125,2648.54638671875,15.031904220581056,31400285425,19912841456,37808301,50.0
536500,34716297295527800238143068,16632279834779431885374586,0.4790914103884582,0.19582249999999998,2024-09-24,64301.96875,2654.35498046875,14.885860443115234,29938335243,16658812503,24629044,54.0
537500,34752852644289688649793735,16648883916420386300389544,0.4790652464368561,0.1961875,2024-09-25,63143.14453125,2579.388671875,14.547334671020508,25078377700,14119729962,26426348,59.0
538000,34771398591385157262284473,16741110211695869368839480,0.48146208924261075,0.19637,2024-09-26,65181.01953125,2632.199951171875,15.02248477935791,36873129847,17336033595,28022913,50.0
538500,34790533636673253208082005,16759097088025126820088438,0.48171428650807174,0.19655250000000002,2024-09-27,65790.6640625,2695.900634765625,15.367523193359377,32058813449,17023020294,25477881,61.0
539000,34809246783383827590419094,16644185770014258799767461,0.4781541489130799,0.196735,2024-09-28,65887.6484375,2677.5390625,15.024123191833496,15243637984,10252590559,21727512,64.0
539500,34827586117876106909768598,16660030167506017657522059,0.47835730306197854,0.19691750000000002,2024-09-29,65635.3046875,2659.346923828125,14.826184272766112,14788214575,11126215671,22640981,63.0
540000,34846379344380160465705555,16552643747103367604039294,0.4750176075257842,0.1971,2024-09-30,63329.5,2603.062744140625,13.829808235168455,37112957475,17826446789,25206097,61.0
540500,34865181139736731417108491,16601171367301913476414163,0.47615330896362784,0.1972825,2024-10-01,60837.0078125,2448.921142578125,12.282230377197266,50220923500,25482371785,30666078,50.0
541000,34884029546750615956135968,16618280134498177220750932,0.4763864825944725,0.197465,2024-10-02,60632.78515625,2365.231689453125,11.984886169433594,40762722398,20148256472,27065589,42.0
542000,34921088000780969441763308,16670220103036223674936738,0.4773682911214969,0.19782999999999998,2024-10-03,60759.40234375,2349.791259765625,11.840943336486816,36106447279,18051447791,19501117,37.0
542500,34940015544838247068922281,16688048929427072560243438,0.4776199629336578,0.1980125,2024-10-04,62067.4765625,2414.7939453125,12.170843124389648,29585472513,14879264082,17118417,41.0
543000,34959637067210341679623859,16708395389240069291387535,0.47793389150802595,0.19819499999999998,2024-10-05,62089.94921875,2415.6318359375,12.270563125610352,13305410749,8152969183,13707067,49.0
543500,34978623935053763984355791,16692668911125270885370938,0.47722486002077236,0.1983775,2024-10-06,62818.953125,2439.957763671875,12.492860794067385,14776233667,8458690205,12573561,50.0
544000,34997630283113464435058727,16706952114153629588387841,0.4773738101409346,0.19856,2024-10-07,62236.66015625,2421.796630859375,12.225236892700195,34253562610,17414044416,21206539,50.0
544500,35016677439821789306642878,16722211549955523063191422,0.47754992113953765,0.1987425,2024-10-08,62131.96875,2439.8408203125,11.971521377563477,28134475157,14067361080,14422483,49.0
545000,35035747728596392871387198,16637752513552074078832109,0.47487933302968266,0.19892500000000002,2024-10-09,60582.1015625,2368.283447265625,11.499957084655762,27670982363,14954047093,13237372,49.0
545500,35054845923467087413970193,16655941778826398064290750,0.47513949469896993,0.1991075,2024-10-10,60274.5,2383.85791015625,11.54103183746338,30452813570,15327769940,12561447,39.0
546500,35092062336296337084014500,16673511590343657242285730,0.4751362695801994,0.1994725,2024-10-11,62445.08984375,2436.513427734375,12.17690086364746,30327141594,13489061564,14615675,32.0
547000,35111873008056168042622630,16691294757994971426824440,0.4753746618463012,0.199655,2024-10-12,63193.0234375,2476.523193359375,12.493050575256348,16744110886,9372169184,14671708,49.0
547500,35131210632479272540455999,16709447688782589153525482,0.4756297146598894,0.1998375,2024-10-13,62851.375,2467.677001953125,12.084099769592283,18177529690,9189490605,15127425,50.0
548000,35150440262550965102496197,16706965790103471446621735,0.475298905655613,0.20002,2024-10-14,66046.125,2628.89990234375,12.883940696716309,43706958056,21434687898,30497551,48.0
548500,35169711098066702525069172,16724390501228190492885996,0.475533917654147,0.2002025,2024-10-15,67041.109375,2606.02197265625,12.665616035461426,48863870879,22003780898,39237020,65.0
549000,35189005375473180400620205,16719857567395289144518461,0.4751443636724404,0.200385,2024-10-16,67612.71875,2611.10205078125,12.353837013244627,38195189534,17012396419,37053534,73.0
549500,35208319355591973493833806,16721105682822201765295695,0.47491916651700294,0.20056749999999998,2024-10-17,67399.8359375,2604.2734375,11.88106918334961,32790898511,15150712321,19624396,71.0
550000,35227670015737302714766226,16742749475955758236294917,0.47527268957828456,0.20075,2024-10-18,68418.7890625,2641.55224609375,12.35744857788086,36857165014,17043738652,16851809,73.0
551000,35265189497045224671162501,16777190559895611668058184,0.4757436667482342,0.201115,2024-10-19,68362.734375,2648.656982421875,13.189497947692873,14443497908,8557834553,35873136,72.0
551500,35285727365101605467963782,16809603317757331904621910,0.4763853425445444,0.20129750000000002,2024-10-20,69001.703125,2746.364013671875,13.225797653198242,18975847518,14559296242,27710476,73.0
552000,35305191166346325036609284,16836405644310126593867802,0.4768818717050017,0.20148,2024-10-21,67367.8515625,2665.712158203125,12.622572898864746,37498611780,17328615363,22275448,72.0
552500,35324673878450404125698099,16853404096156889072240965,0.4771000619608891,0.20166250000000002,2024-10-22,67361.40625,2620.197509765625,12.322851181030272,31808472566,15541911074,20072821,70.0
553000,35344044309801186150099155,16227650037843330982930143,0.4591339320311817,0.201845,2024-10-23,66432.1953125,2509.098876953125,11.782241821289062,32263980353,17876984551,20129535,71.0
553500,35363596576079912568773634,16145353332314912999066898,0.456552921521441,0.20202749999999997,2024-10-24,68161.0546875,2534.49853515625,11.829360961914062,31414428647,16128627601,17306065,69.0
554000,35383173424172145386675175,16161977913612952855208888,0.45677016359905803,0.20221,2024-10-25,66642.4140625,2435.93408203125,10.67478084564209,41469984306,22560233078,21723596,72.0
554500,35402778804151727336111332,16179647361797164028560770,0.45701631081851,0.2023925,2024-10-26,67014.6953125,2479.603271484375,10.867822647094728,19588098156,13597102184,16114743,
555500,35441459529939817670099876,16181466545541961480975249,0.4565688535448822,0.2027575,2024-10-27,67929.296875,2505.940673828125,11.08996868133545,16721307878,9801434566,12196321,74.0
556000,35461300796983506933814362,16194645285363946984147486,0.45668503189092075,0.20293999999999998,2024-10-28,69907.7578125,2565.34814453125,11.02422046661377,38799856657,18971841402,15829027,72.0
556500,35480958141958251119825318,16217656684274204515189094,0.4570805731735836,0.2031225,2024-10-29,72720.4921875,2637.95751953125,11.31145477294922,58541874402,22185845095,19462524,72.0
557000,35501115134911688345078162,16147345444948677876360949,0.45484051370176337,0.20330499999999999,2024-10-30,72339.5390625,2657.37255859375,11.069499015808104,40646637831,22382690746,20699830,77.0
557500,35520834044735267210633836,16027192104235047084916002,0.45120539917644537,0.20348750000000002,2024-10-31,70215.1875,2515.79931640625,10.566264152526855,40627912076,19760409505,18719171,77.0
558000,35540581753698389138553557,16060481117112295641874861,0.45189134011406623,0.20367000000000002,2024-11-01,69482.46875,2511.885498046875,10.339774131774902,49989795365,20215438328,17774971,75.0
558500,35560358142828721421106560,16059739766316089569117141,0.4516191794754119,0.2038525,2024-11-02,69289.2734375,2491.068603515625,9.945974349975586,18184612091,9639457439,14285104,72.0
559000,35579792685581916785961991,15968220659740377953727186,0.4488002726955522,0.20403500000000002,2024-11-03,68741.1171875,2456.42529296875,9.410311698913574,34868307655,15667779706,18326311,74.0
560000,35618637179767580679787540,15996915318910591037439785,0.4491164341345801,0.20439999999999997,2024-11-04,67811.5078125,2397.0263671875,9.06614112854004,41184819348,17110200696,18364129,70.0
560500,35638776004275979217813611,15991243415046760655087376,0.44870349680718874,0.2045825,2024-11-05,69359.5625,2422.650634765625,9.548235893249512,46046889204,17894057485,17061623,70.0
561000,35659299008251546768300646,16007273419634120749722086,0.44889478662858867,0.204765,2024-11-06,75639.078125,2724.169189453125,11.005840301513672,118592653963,41887574364,34902575,70.0
561500,35679239014452593633099886,16004494940510409742609801,0.4485660395959529,0.2049475,2024-11-07,75904.859375,2895.58544921875,10.95785140991211,63467654989,35352318438,23901564,77.0
562000,35699199500007248172756961,16029231864686917044207744,0.4490081595438481,0.20513,2024-11-08,76545.4765625,2962.296630859375,10.635537147521973,55176858003,32303261101,22733599,75.0
562500,35719206363948386573155065,16046981121917243828211179,0.4492535740691473,0.20531249999999998,2024-11-09,76778.8671875,3131.14453125,11.212688446044922,29009480361,29210133088,25054637,75.0
563000,35739242169124943366386118,16032896472955761385351830,0.44860762287809636,0.205495,2024-11-10,80474.1875,3191.331298828125,12.06707000732422,82570594495,47418730187,65478344,78.0
563500,35759366130609492360266102,16044882361299806283070779,0.44869034598366725,0.20567749999999999,2024-11-11,88701.484375,3374.81298828125,12.44153118133545,117966845037,55417771668,74029563,76.0
564500,35798416307299162172916094,15958279676592980587927347,0.4457817222863892,0.2060425,2024-11-12,87955.8125,3246.25732421875,11.44725513458252,133673285375,56686078066,86395669,80.0
565000,35819385994740784534899194,15971689247847471859882296,0.44589511529294584,0.206225,2024-11-13,90584.1640625,3192.595947265625,10.856295585632324,123559027869,52010205682,57774948,84.0
565500,35840087715539227394267133,15942783805945198886649952,0.4448310487541823,0.20640750000000002,2024-11-14,87250.4296875,3058.94873046875,10.057221412658691,87616705248,35743352141,51087502,88.0
566000,35860196505243830570680835,15585537536296624530749518,0.4346194124735918,0.20659,2024-11-15,91066.0078125,3103.04052734375,10.494916915893556,78243109518,32701369872,40567018,80.0
566500,35880584562947116003289730,15599835505297951462162652,0.43477094075572753,0.20677249999999997,2024-11-16,90558.4765625,3133.27392578125,11.34547996520996,44333192814,26650658846,52884498,86.0
567000,35900921630922214419611192,15607091874749418366283777,0.43472677484988864,0.206955,2024-11-17,89845.8515625,3075.66162109375,10.537307739257812,46350159305,28348163224,41527112,90.0
567500,35921250330356990072796140,15623315488171638048351289,0.43493239640849585,0.2071375,2024-11-18,90542.640625,3207.8564453125,11.006388664245604,75535775084,35445557613,45643317,83.0
568000,35941608513969463755417489,15641476920140247219305285,0.4351913441509124,0.20732,2024-11-19,92343.7890625,3111.384033203125,10.585288047790527,74521048295,29823634432,42721793,90.0
569000,35981755588232114548757430,15643328307611849521982310,0.434757227708145,0.20768499999999998,2024-11-20,94339.4921875,3072.18798828125,9.951980590820312,71730956426,29785491216,40852798,83.0
569500,36002400406639522224221838,15651417793849841352657375,0.43473261829962384,0.2078675,2024-11-21,98504.7265625,3361.053955078125,10.6633939743042,106024505582,51619069348,47084685,82.0
570000,36023332942603421417865201,15665324379753287013607658,0.43486604653470323,0.20804999999999998,2024-11-22,98997.6640625,3331.600830078125,10.964149475097656,78473580551,36775716442,39887968,94.0
570500,36043805929608298130299361,15674438507178507274626317,0.4348719038658093,0.20823250000000001,2024-11-23,97777.28125,3396.223388671875,12.190837860107422,44414644677,38835184688,90820503,93.0
571000,36064308641856075765044360,15701811854351723961857001,0.43538369223383006,0.208415,2024-11-24,98013.8203125,3363.659912109375,12.950900077819824,51712020623,27901454185,110352428,80.0
571500,36084841163722746713705632,15738663260798129077528128,0.4361571993455444,0.2085975,2024-11-25,93102.296875,3413.5439453125,12.974563598632812,80909462490,51544793988,80411985,82.0
572000,36105403622935936257173528,15793826385484724028356420,0.43743663830562207,0.20878000000000002,2024-11-26,91985.3203125,3326.517333984375,12.825522422790527,91656519855,39902959158,72131228,79.0
572500,36125995870024678735344642,15811263278529162156054322,0.4376699630763248,0.2089625,2024-11-27,95962.53125,3657.249267578125,14.190765380859377,71133452438,43383987191,83675913,75.0
573500,36166290269199600413394216,15759216784095037301424877,0.4357432478364004,0.2093275,2024-11-28,95652.46875,3579.8115234375,15.302369117736816,52260008261,32362724276,130941077,77.0
574000,36187615823385721796808448,15762282312745379378474242,0.43557117411861196,0.20950999999999997,2024-11-29,97461.5234375,3593.494384765625,14.939275741577148,54968682476,27622629486,94398543,78.0
574500,36208875934959921607004377,15778510576404095005069281,0.4357636123459396,0.2096925,2024-11-30,96449.0546875,3705.705322265625,15.715824127197266,31634227866,30670867436,116507253,84.0
575000,36229670691062398905202714,15791403645452239925702784,0.4358693674063084,0.209875,2024-12-01,97279.7890625,3711.1650390625,15.55278778076172,36590695296,28018113530,67903445,81.0
575500,36250495483687423897367324,15792199497337350621287024,0.43564092812038324,0.21005749999999998,2024-12-02,95865.3046875,3644.198486328125,16.12706184387207,72680784305,47284967570,103360987,80.0
576000,36271369381450009208170283,15808715001685409158440965,0.43584555177479295,0.21024,2024-12-03,96002.1640625,3620.711669921875,16.902236938476562,67067810961,36839829742,121572217,76.0
576500,36292254097729386708718903,15807008105331038701104132,0.4355477084108699,0.21042249999999998,2024-12-04,98768.53125,3841.3310546875,17.48761558532715,77199817112,56799745752,144648514,78.0
577000,36313178735167491761355449,15753389092523882491546168,0.43382016230012704,0.21060500000000001,2024-12-05,96593.5703125,3811.00830078125,20.26273727416992,149218945580,60568296606,204394404,84.0
578000,36353397350068445269825517,15720631043315286765324693,0.4324391168157407,0.21097,2024-12-06,99920.7109375,4005.810546875,23.012115478515625,94534772658,52853668566,485545179,72.0
578500,36375525944643823173885445,15600374757870955382790192,0.42887008098828766,0.21115250000000002,2024-12-07,99923.3359375,4002.692626953125,21.66082191467285,44177510897,22574636761,151498758,75.0
579000,36397179348181905855383977,15575344198696948895306047,0.427927231659916,0.211335,2024-12-08,101236.015625,4005.70458984375,21.194982528686523,44125751925,20943378971,103888533,79.0
579500,36418246816017262502233912,15594959057199340146552889,0.4282182812364393,0.21151750000000002,2024-12-09,97432.71875,3718.6904296875,17.141841888427734,110676473908,57029832059,180782438,78.0
580000,36439361544103171439224875,15605419142142123207848721,0.42825720541932716,0.2117,2024-12-10,96675.4296875,3631.833740234375,15.530665397644045,104823780634,58416417599,141035997,78.0
580500,36460498303770035194170244,15623479134306252106745025,0.4285042679378514,0.21188249999999997,2024-12-11,101173.03125,3832.822021484375,17.21535873413086,85391409936,35968053196,118337960,74.0
581000,36481664435852361527901624,14632848844174917924808580,0.4011014593345824,0.212065,2024-12-12,100043.0,3883.1015625,17.4768123626709,72073983533,42971675764,109840436,83.0
581500,36502855185446107772269290,14649942501200304143535796,0.4013368934231018,0.2122475,2024-12-13,101459.2578125,3911.205322265625,17.34139633178711,56894751583,34895127659,71806366,76.0
582000,36524076501171584295219878,14666293338581372467264871,0.40155138044656435,0.21243,2024-12-14,101372.96875,3868.4052734375,16.16497802734375,40422968793,28756190559,62888445,83.0
583000,36566521623276739530779808,14752483344028189802567884,0.4034423480585413,0.21279499999999998,2024-12-15,104298.6953125,3951.941162109375,16.80049705505371,51145914137,25069616984,65829018,80.0
583500,36587936308871472190691473,14785383086224756495730591,0.40410541227053975,0.21297750000000001,2024-12-16,106029.71875,3987.48095703125,16.245248794555664,91020417816,46536359669,73902805,83.0
584000,36609198951051939684065592,14792566055733962399596606,0.40406691431605085,0.21316,2024-12-17,106140.6015625,3886.76611328125,15.274858474731444,68589364868,35418700472,64996457,87.0
584500,36630667026263753953755129,14807588410021265125435493,0.4042402066935991,0.2133425,2024-12-18,100041.5390625,3618.791259765625,13.639334678649902,93865656139,48946681636,87205195,81.0
585000,36652078478444586212778194,14742681255320154648995201,0.4022331574999343,0.213525,2024-12-19,97490.953125,3417.927978515625,12.39637279510498,97221662392,58879190250,111329981,75.0
585500,36673335637080788374709767,14745717527393634286163889,0.4020828013387494,0.2137075,2024-12-20,97755.9296875,3472.553466796875,13.310131072998049,105634083408,66383827229,115785547,74.0
586000,36694623526890464994707688,14763110255664416541888933,0.4023235241763892,0.21389000000000002,2024-12-21,97224.7265625,3337.222412109375,13.557311058044434,51765334294,31579389836,166125904,73.0
586500,36715942072200949364812956,14772137375574154557202995,0.4023357849983838,0.2140725,2024-12-22,95104.9375,3277.53515625,15.521422386169434,43147981314,24780768375,312478994,73.0
587500,36758951804765285992856438,14800111698301562547493327,0.4026260535639902,0.2144375,2024-12-23,94686.2421875,3415.785400390625,15.49446964263916,65239002919,34496081389,161819821,70.0
588000,36780639271625242359640715,14805468505620712595767266,0.4025342897463592,0.21462,2024-12-24,98676.09375,3492.0498046875,19.60452461242676,47114953674,23083678195,404571863,73.0
588500,36801862571029811124579068,14804561612196911707860739,0.40227750928701544,0.2148025,2024-12-25,99299.1953125,3493.2353515625,19.228307723999023,33700394629,17651873225,290050246,73.0
589000,36823926019129648191509116,14815455504799317108506716,0.40233231777358125,0.214985,2024-12-26,95795.515625,3331.225830078125,17.649173736572266,47054980873,22247726776,240013300,79.0
589500,36845616087223741089857789,14808794823142773752317856,0.40191470236476085,0.21516749999999998,2024-12-27,94164.859375,3328.9169921875,16.405162811279297,52419934565,24091627403,126768232,74.0
590000,36867331265517285714137390,14827065986007606209480148,0.40217356334320953,0.21535,2024-12-28,95163.9296875,3397.90234375,16.43626594543457,24107436185,14305648523,87387536,72.0
590500,36889005493857421237548587,14852070732123446618220500,0.40261510261089967,0.2155325,2024-12-29,93530.2265625,3349.513427734375,16.029464721679688,29635885267,13440907792,89692604,73.0
591000,36910707743370475014434561,14866149760594010638210902,0.4027598133298898,0.21571500000000002,2024-12-30,92643.2109375,3356.392578125,15.11870288848877,56188003691,26981583962,76192097,65.0
